status	area	files	summary	next_step
done	repo_map	src/octopus/core.py;src/octopus/discovery.py;src/octopus/pool.py;src/octopus/adapters/onnx_rt.py	Mapped main execution path: API in core, sizing in discovery, Ray launch in pool, ORT serialization/device load in onnx_rt.	Use these files first for future parallelism changes.
done	flow_a_api	src/octopus/core.py;src/octopus/discovery.py;README.md	Added `workers_per_gpu` to support Flow A: one worker per usable GPU with same `submit/gather` loop API.	Validate same pattern on PyTorch and AIMET_ONNX in clean GPU environment.
done	flow_b_api	src/octopus/core.py;src/octopus/discovery.py	Kept Flow B on same wrapper syntax via `max_workers=K` or auto-pack when omitted.	Decide whether to add higher-level aliases like `mode="shared"` / `mode="packed"`.
done	ort_model_bundle	src/octopus/adapters/onnx_rt.py	Changed ORT adapter to bundle `.onnx` plus sidecar files like `.onnx.data`, restore them in worker temp dir, and keep backward compatibility for old raw-byte payloads.	Reuse same bundle approach anywhere else external-data ONNX artifacts move across workers.
done	ort_numeric_stability	src/octopus/adapters/onnx_rt.py	Disabled TF32 in ORT CUDA provider so ORT GPU output matches CPU/PyTorch tolerance in tests.	Keep if exact-ish numeric regression tests remain required.
done	ray_gpu_assignment	src/octopus/pool.py;src/octopus/core.py	Removed manual `CUDA_VISIBLE_DEVICES` override from package-managed worker launch so Ray owns GPU assignment; this fixed actor crashes in ORT GPU tests.	Apply same rule to any new worker launch paths unless there is a strong reason not to.
done	ray_fraction_guard	src/octopus/discovery.py	Capped per-GPU worker count at 10,000 to avoid Ray `num_gpus` fractional precision failure.	If ultra-dense packing matters, redesign resource accounting instead of smaller fractions.
done	tests_added	tests/test_adapters.py;tests/test_discovery.py	Added unit coverage for ORT external-data bundling, worker-per-GPU cap, and Ray fraction cap.	Extend tests around true sharding/model-sharing path next.
done	ort_gpu_validation	tests/test_gpu_ort.py	Updated ORT GPU tests to use bundle-based adapter state and package-compatible Ray launch. Result: ORT GPU suite passes.	Keep as regression suite for ORT path.
done	docs	README.md;pyproject.toml	Documented `workers_per_gpu` and registered `sensitivity` pytest marker.	Expand docs with explicit AIMET_ONNX / PyTorch examples if needed.
done	pytorch_gpu_e2e	tests/test_gpu_pytorch.py	Re-verified PyTorch GPU path in two batches after fixing stale tests: removed manual `CUDA_VISIBLE_DEVICES`, bounded pathological tiny-model worker counts, and corrected device-local numeric check.	Keep `RAY_TMPDIR` short in this env when running GPU suites.
done	pytorch_pp_model_sharing_n_gpus	src/octopus/core.py;src/octopus/pool.py;src/octopus/worker.py;src/octopus/sharding/pipeline_parallel.py;tests/test_gpu_pytorch.py	Shared-model multi-GPU runtime now works for PyTorch with `sharding_strategy="pp"`: direct 2-GPU shard-group smoke passed and `Octopus(..., sharding_strategy="pp", max_workers=2)` passed with simple `map/submit/gather` syntax.	If public API should be even simpler, add helper alias for shared-model mode later.
done	pytorch_pp_parallel_model_workers	src/octopus/core.py;src/octopus/pool.py;src/octopus/worker.py;tests/test_gpu_pytorch.py	Validated combined flow "1 model across N GPUs with K workers" for PyTorch PP by running multiple shard groups in parallel through same loop wrapper API.	Extend same support to more model families only if real sharding backend exists.
done	shard_group_gpu_ids	src/octopus/_types.py;src/octopus/discovery.py;src/octopus/pool.py;tests/test_discovery.py;tests/test_pool.py	Shard groups now keep actual planned GPU ids instead of reconstructing bogus contiguous ranges in pool startup.	Reuse `shard_device_ids` for any future topology-aware placement work.
done	tp_runtime_enable_pytorch	src/octopus/sharding/tensor_parallel.py;src/octopus/core.py;src/octopus/worker.py;tests/test_core_integration.py;tests/test_gpu_pytorch.py	Replaced blocked TP path with real single-process multi-GPU TP runtime for PyTorch `nn.Sequential` linear stacks, enabled constructor/runtime support for `sharding_strategy="tp"` on PyTorch, and added constructor + GPU runtime tests.	Keep TP scope explicit in docs; extend beyond Sequential models in future if needed.
done	pp_runtime_tests	tests/test_gpu_pytorch.py;tests/test_core_integration.py	Added runtime GPU tests for pipeline-parallel shared model and unit tests for sharding guardrails.	Maintain both PP and TP constructor/runtime coverage as support matrix evolves.
done	aimet_onnx_gpu_e2e	tests/test_gpu_quantsim.py;tests/test_onnx_quantsim_adapter.py;src/octopus/adapters/onnx_quantsim.py	Installed `aimet-onnx`, updated adapter/test compatibility for AIMET 2.28 (`qtype`/new import paths), made round-trip SQNR check deterministic, and re-ran full AIMET ONNX GPU suite successfully.	Keep AIMET compatibility shims until older versions are dropped.
done	full_gpu_regression	tests/test_gpu_pytorch.py;tests/test_gpu_ort.py;tests/test_gpu_quantsim.py	Full package GPU regression pass completed after latest sharding/runtime changes: PyTorch, ORT, and AIMET ONNX suites pass together (`31 passed`).	Keep using this 3-suite combo as top-level GPU smoke before future sharding changes.
done	unsupported_sharding_guardrails	src/octopus/core.py;tests/test_core_integration.py;README.md	Constructor now validates against capability matrix at `Octopus(...)` creation time. Currently PyTorch supports `pp` + `tp`; ORT/AIMET ONNX support `pp`; unsupported backend/strategy pairs fail fast.	Keep constructor validation, tests, and README capability table updated together whenever backend support changes.
done	aimet_gpu_test_gpu_reservation	tests/test_gpu_quantsim.py	AIMET ONNX GPU integration tests now request explicit fractional GPU resources for direct `SensitivityWorker` actors instead of relying on unreserved visibility.	Keep explicit GPU reservation in any future direct actor GPU tests.
done	ort_aimet_shared_model_sharding_policy	src/octopus/core.py;src/octopus/__init__.py;tests/test_core_integration.py;README.md	Added backend capability API (`get_backend_capabilities`) and bound constructor sharding validation to capability matrix. Matrix later expanded from replica-only to ONNX-family `pp` support.	Maintain capability matrix as single source of truth for backend sharding support.
done	ort_aimet_shared_model_sharding_design_stub	ort_aimet_shared_model_sharding_design.md	Created concrete design stub for true ORT/AIMET shared-model sharding: partition planner, staged runtime, AIMET integration, milestone/test plan, and risks/exit criteria.	Use this stub as implementation contract before coding ORT staged runtime.
done	ort_partition_planner_scaffold	src/octopus/sharding/onnx_partition.py;src/octopus/sharding/__init__.py;tests/test_onnx_partition.py	Started M1 ONNX partition stack: contiguous balanced node partitioning, stage IO boundary inference, ONNX stage subgraph materialization API, and unit tests for happy/error paths.	Next M1 step: integrate stage artifacts into runtime worker-group execution path (`pp`) for ORT.
done	ort_aimet_shared_model_sharding_runtime	src/octopus/core.py;src/octopus/worker.py;src/octopus/sharding/onnx_partition.py;src/octopus/adapters/onnx_rt.py;src/octopus/adapters/__init__.py;tests/test_gpu_ort.py;tests/test_gpu_quantsim.py;tests/test_worker_onnx_pipeline_proxy.py	Implemented ONNX-family shared-model `pp` runtime (ORT + AIMET ONNX): staged ONNX pipeline proxy in sharded worker groups, backend capabilities updated, ORT-aware VRAM profiling in Octopus init, adapter detection accepts ONNX path/bytes, and new GPU/unit tests validate simple loop wrapper flows.	Keep ONNX partition/materialization utilities stable; they are now core dependency for ONNX-family shared-model path.
done	ray_tmp_pressure	src/octopus/ray_runtime.py;src/octopus/core.py;tests/test_gpu_pytorch.py;tests/test_gpu_ort.py;tests/test_gpu_quantsim.py;tests/test_new_components.py;README.md	Added shared Ray temp-dir helper. Local Ray startup now picks short writable path with most free space, package startup uses helper, GPU fixtures use helper, and unit coverage added for env override / path-length / free-space selection.	No immediate code follow-up. If external scripts call bare `ray.init(...)`, switch them to same helper or set `OCTOPUS_RAY_TMPDIR`.
done	repo_cleanup_pass	src/octopus/capabilities.py;src/octopus/sharding/onnx_pipeline_runtime.py;src/octopus/core.py;src/octopus/worker.py;src/octopus/sharding/__init__.py	Completed structural cleanup pass: moved backend capability policy/validation out of `core.py` into dedicated module, moved ONNX pipeline runtime helpers out of `worker.py` into sharding runtime module, and reused these shared modules across orchestrator/worker paths.	Continue incremental refactors only when they reduce duplication or improve module boundaries without behavior drift.
done	docs_refresh_pass	README.md;program.md;future_reference.tsv	Refreshed docs for current support matrix and limitations (`pp/tp` by backend), and added canonical shared-model examples for PyTorch TP, ORT PP, and AIMET ONNX PP.	Keep docs synchronized with tests whenever capability matrix changes.
